data_2016/Train/benign/ISIC_0011223.jpg,0
data_2016/Train/benign/ISIC_0000209.jpg,0
data_2016/Train/benign/ISIC_0010858.jpg,0
data_2016/Train/benign/ISIC_0011084.jpg,0
data_2016/Train/benign/ISIC_0000137.jpg,0
data_2016/Train/benign/ISIC_0011173.jpg,0
data_2016/Train/benign/ISIC_0011397.jpg,0
data_2016/Train/benign/ISIC_0000495.jpg,0
data_2016/Train/benign/ISIC_0000529.jpg,0
data_2016/Train/benign/ISIC_0000229.jpg,0
data_2016/Train/benign/ISIC_0002489.jpg,0
data_2016/Train/benign/ISIC_0010365.jpg,0
data_2016/Train/benign/ISIC_0011097.jpg,0
data_2016/Train/benign/ISIC_0001188.jpg,0
data_2016/Train/benign/ISIC_0011322.jpg,0
data_2016/Train/benign/ISIC_0001262.jpg,0
data_2016/Train/benign/ISIC_0000065.jpg,0
data_2016/Train/benign/ISIC_0010465.jpg,0
data_2016/Train/benign/ISIC_0000460.jpg,0
data_2016/Train/benign/ISIC_0011360.jpg,0
data_2016/Train/benign/ISIC_0011328.jpg,0
data_2016/Train/benign/ISIC_0011131.jpg,0
data_2016/Train/benign/ISIC_0000511.jpg,0
data_2016/Train/benign/ISIC_0000391.jpg,0
data_2016/Train/benign/ISIC_0000505.jpg,0
data_2016/Train/benign/ISIC_0000477.jpg,0
data_2016/Train/benign/ISIC_0010577.jpg,0
data_2016/Train/benign/ISIC_0009986.jpg,0
data_2016/Train/benign/ISIC_0002975.jpg,0
data_2016/Train/benign/ISIC_0010457.jpg,0
data_2016/Train/benign/ISIC_0000009.jpg,0
data_2016/Train/benign/ISIC_0011323.jpg,0
data_2016/Train/benign/ISIC_0009976.jpg,0
data_2016/Train/benign/ISIC_0000218.jpg,0
data_2016/Train/benign/ISIC_0011088.jpg,0
data_2016/Train/benign/ISIC_0000232.jpg,0
data_2016/Train/benign/ISIC_0007087.jpg,0
data_2016/Train/benign/ISIC_0000186.jpg,0
data_2016/Train/benign/ISIC_0010851.jpg,0
data_2016/Train/benign/ISIC_0010487.jpg,0
data_2016/Train/benign/ISIC_0000506.jpg,0
data_2016/Train/benign/ISIC_0011079.jpg,0
data_2016/Train/benign/ISIC_0007038.jpg,0
data_2016/Train/benign/ISIC_0000097.jpg,0
data_2016/Train/benign/ISIC_0011229.jpg,0
data_2016/Train/benign/ISIC_0003051.jpg,0
data_2016/Train/benign/ISIC_0009995.jpg,0
data_2016/Train/benign/ISIC_0010057.jpg,0
data_2016/Train/benign/ISIC_0000344.jpg,0
data_2016/Train/benign/ISIC_0000489.jpg,0
data_2016/Train/benign/ISIC_0002093.jpg,0
data_2016/Train/benign/ISIC_0009949.jpg,0
data_2016/Train/benign/ISIC_0000386.jpg,0
data_2016/Train/benign/ISIC_0010575.jpg,0
data_2016/Train/benign/ISIC_0000359.jpg,0
data_2016/Train/benign/ISIC_0000458.jpg,0
data_2016/Train/benign/ISIC_0009871.jpg,0
data_2016/Train/benign/ISIC_0010066.jpg,0
data_2016/Train/benign/ISIC_0010318.jpg,0
data_2016/Train/benign/ISIC_0000331.jpg,0
data_2016/Train/benign/ISIC_0001372.jpg,0
data_2016/Train/benign/ISIC_0000210.jpg,0
data_2016/Train/benign/ISIC_0011331.jpg,0
data_2016/Train/benign/ISIC_0011346.jpg,0
data_2016/Train/benign/ISIC_0009972.jpg,0
data_2016/Train/benign/ISIC_0009188.jpg,0
data_2016/Train/benign/ISIC_0010585.jpg,0
data_2016/Train/benign/ISIC_0009252.jpg,0
data_2016/Train/benign/ISIC_0009987.jpg,0
data_2016/Train/benign/ISIC_0010450.jpg,0
data_2016/Train/benign/ISIC_0000051.jpg,0
data_2016/Train/benign/ISIC_0010595.jpg,0
data_2016/Train/benign/ISIC_0000243.jpg,0
data_2016/Train/benign/ISIC_0010438.jpg,0
data_2016/Train/benign/ISIC_0000104.jpg,0
data_2016/Train/benign/ISIC_0000496.jpg,0
data_2016/Train/benign/ISIC_0010325.jpg,0
data_2016/Train/benign/ISIC_0009940.jpg,0
data_2016/Train/benign/ISIC_0011119.jpg,0
data_2016/Train/benign/ISIC_0000109.jpg,0
data_2016/Train/benign/ISIC_0006114.jpg,0
data_2016/Train/benign/ISIC_0010458.jpg,0
data_2016/Train/benign/ISIC_0000421.jpg,0
data_2016/Train/benign/ISIC_0000546.jpg,0
data_2016/Train/benign/ISIC_0007788.jpg,0
data_2016/Train/benign/ISIC_0000079.jpg,0
data_2016/Train/benign/ISIC_0000355.jpg,0
data_2016/Train/benign/ISIC_0000367.jpg,0
data_2016/Train/benign/ISIC_0000247.jpg,0
data_2016/Train/benign/ISIC_0000528.jpg,0
data_2016/Train/benign/ISIC_0008785.jpg,0
data_2016/Train/benign/ISIC_0006021.jpg,0
data_2016/Train/benign/ISIC_0010233.jpg,0
data_2016/Train/benign/ISIC_0008403.jpg,0
data_2016/Train/benign/ISIC_0009983.jpg,0
data_2016/Train/benign/ISIC_0010471.jpg,0
data_2016/Train/benign/ISIC_0000369.jpg,0
data_2016/Train/benign/ISIC_0009937.jpg,0
data_2016/Train/benign/ISIC_0000541.jpg,0
data_2016/Train/benign/ISIC_0000034.jpg,0
data_2016/Train/benign/ISIC_0010439.jpg,0
data_2016/Train/benign/ISIC_0000514.jpg,0
data_2016/Train/benign/ISIC_0000338.jpg,0
data_2016/Train/benign/ISIC_0009932.jpg,0
data_2016/Train/benign/ISIC_0000426.jpg,0
data_2016/Train/benign/ISIC_0011200.jpg,0
data_2016/Train/benign/ISIC_0009899.jpg,0
data_2016/Train/benign/ISIC_0000478.jpg,0
data_2016/Train/benign/ISIC_0010335.jpg,0
data_2016/Train/benign/ISIC_0000443.jpg,0
data_2016/Train/benign/ISIC_0009165.jpg,0
data_2016/Train/benign/ISIC_0000067.jpg,0
data_2016/Train/benign/ISIC_0009900.jpg,0
data_2016/Train/benign/ISIC_0000256.jpg,0
data_2016/Train/benign/ISIC_0000264.jpg,0
data_2016/Train/benign/ISIC_0000018.jpg,0
data_2016/Train/benign/ISIC_0000127.jpg,0
data_2016/Train/benign/ISIC_0011361.jpg,0
data_2016/Train/benign/ISIC_0009968.jpg,0
data_2016/Train/benign/ISIC_0010101.jpg,0
data_2016/Train/benign/ISIC_0010497.jpg,0
data_2016/Train/benign/ISIC_0010230.jpg,0
data_2016/Train/benign/ISIC_0009911.jpg,0
data_2016/Train/benign/ISIC_0000366.jpg,0
data_2016/Train/benign/ISIC_0000439.jpg,0
data_2016/Train/benign/ISIC_0010182.jpg,0
data_2016/Train/benign/ISIC_0001423.jpg,0
data_2016/Train/benign/ISIC_0010052.jpg,0
data_2016/Train/benign/ISIC_0000032.jpg,0
data_2016/Train/benign/ISIC_0000321.jpg,0
data_2016/Train/benign/ISIC_0010361.jpg,0
data_2016/Train/benign/ISIC_0002439.jpg,0
data_2016/Train/benign/ISIC_0010169.jpg,0
data_2016/Train/benign/ISIC_0000208.jpg,0
data_2016/Train/benign/ISIC_0000135.jpg,0
data_2016/Train/benign/ISIC_0000451.jpg,0
data_2016/Train/benign/ISIC_0010493.jpg,0
data_2016/Train/benign/ISIC_0001442.jpg,0
data_2016/Train/benign/ISIC_0000317.jpg,0
data_2016/Train/benign/ISIC_0000329.jpg,0
data_2016/Train/benign/ISIC_0007475.jpg,0
data_2016/Train/benign/ISIC_0000091.jpg,0
data_2016/Train/benign/ISIC_0000189.jpg,0
data_2016/Train/benign/ISIC_0000131.jpg,0
data_2016/Train/benign/ISIC_0009947.jpg,0
data_2016/Train/benign/ISIC_0000255.jpg,0
data_2016/Train/benign/ISIC_0011402.jpg,0
data_2016/Train/benign/ISIC_0008256.jpg,0
data_2016/Train/benign/ISIC_0000330.jpg,0
data_2016/Train/benign/ISIC_0010440.jpg,0
data_2016/Train/benign/ISIC_0000471.jpg,0
data_2016/Train/benign/ISIC_0000122.jpg,0
data_2016/Train/benign/ISIC_0000457.jpg,0
data_2016/Train/benign/ISIC_0000050.jpg,0
data_2016/Train/benign/ISIC_0008879.jpg,0
data_2016/Train/benign/ISIC_0000532.jpg,0
data_2016/Train/benign/ISIC_0002206.jpg,0
data_2016/Train/benign/ISIC_0011327.jpg,0
data_2016/Train/benign/ISIC_0000093.jpg,0
data_2016/Train/benign/ISIC_0010064.jpg,0
data_2016/Train/benign/ISIC_0009504.jpg,0
data_2016/Train/benign/ISIC_0005787.jpg,0
data_2016/Train/benign/ISIC_0009533.jpg,0
data_2016/Train/benign/ISIC_0000082.jpg,0
data_2016/Train/benign/ISIC_0010571.jpg,0
data_2016/Train/benign/ISIC_0000315.jpg,0
data_2016/Train/benign/ISIC_0000224.jpg,0
data_2016/Train/benign/ISIC_0008145.jpg,0
data_2016/Train/benign/ISIC_0003174.jpg,0
data_2016/Train/benign/ISIC_0000488.jpg,0
data_2016/Train/benign/ISIC_0006800.jpg,0
data_2016/Train/benign/ISIC_0000183.jpg,0
data_2016/Train/benign/ISIC_0000024.jpg,0
data_2016/Train/benign/ISIC_0000261.jpg,0
data_2016/Train/benign/ISIC_0009953.jpg,0
data_2016/Train/benign/ISIC_0000403.jpg,0
data_2016/Train/benign/ISIC_0000123.jpg,0
data_2016/Train/benign/ISIC_0000130.jpg,0
data_2016/Train/benign/ISIC_0000416.jpg,0
data_2016/Train/benign/ISIC_0000192.jpg,0
data_2016/Train/benign/ISIC_0009991.jpg,0
data_2016/Train/benign/ISIC_0006350.jpg,0
data_2016/Train/benign/ISIC_0010104.jpg,0
data_2016/Train/benign/ISIC_0002780.jpg,0
data_2016/Train/benign/ISIC_0010857.jpg,0
data_2016/Train/benign/ISIC_0010244.jpg,0
data_2016/Train/benign/ISIC_0009430.jpg,0
data_2016/Train/benign/ISIC_0011303.jpg,0
data_2016/Train/benign/ISIC_0000324.jpg,0
data_2016/Train/benign/ISIC_0010065.jpg,0
data_2016/Train/benign/ISIC_0010213.jpg,0
data_2016/Train/benign/ISIC_0009974.jpg,0
data_2016/Train/benign/ISIC_0010475.jpg,0
data_2016/Train/benign/ISIC_0000114.jpg,0
data_2016/Train/benign/ISIC_0010864.jpg,0
data_2016/Train/benign/ISIC_0000039.jpg,0
data_2016/Train/benign/ISIC_0000219.jpg,0
data_2016/Train/benign/ISIC_0010848.jpg,0
data_2016/Train/benign/ISIC_0000207.jpg,0
data_2016/Train/benign/ISIC_0011317.jpg,0
data_2016/Train/benign/ISIC_0009915.jpg,0
data_2016/Train/benign/ISIC_0010573.jpg,0
data_2016/Train/benign/ISIC_0001212.jpg,0
data_2016/Train/benign/ISIC_0011380.jpg,0
data_2016/Train/benign/ISIC_0000467.jpg,0
data_2016/Train/benign/ISIC_0004309.jpg,0
data_2016/Train/benign/ISIC_0010017.jpg,0
data_2016/Train/benign/ISIC_0000365.jpg,0
data_2016/Train/benign/ISIC_0000427.jpg,0
data_2016/Train/benign/ISIC_0000214.jpg,0
data_2016/Train/benign/ISIC_0011123.jpg,0
data_2016/Train/benign/ISIC_0011217.jpg,0
data_2016/Train/benign/ISIC_0000347.jpg,0
data_2016/Train/benign/ISIC_0003005.jpg,0
data_2016/Train/benign/ISIC_0010323.jpg,0
data_2016/Train/benign/ISIC_0000095.jpg,0
data_2016/Train/benign/ISIC_0000087.jpg,0
data_2016/Train/benign/ISIC_0010186.jpg,0
data_2016/Train/benign/ISIC_0010051.jpg,0
data_2016/Train/benign/ISIC_0000250.jpg,0
data_2016/Train/benign/ISIC_0000077.jpg,0
data_2016/Train/benign/ISIC_0008807.jpg,0
data_2016/Train/benign/ISIC_0010010.jpg,0
data_2016/Train/benign/ISIC_0011383.jpg,0
data_2016/Train/benign/ISIC_0010324.jpg,0
data_2016/Train/benign/ISIC_0010455.jpg,0
data_2016/Train/benign/ISIC_0011208.jpg,0
data_2016/Train/benign/ISIC_0000503.jpg,0
data_2016/Train/benign/ISIC_0005564.jpg,0
data_2016/Train/benign/ISIC_0000007.jpg,0
data_2016/Train/benign/ISIC_0000381.jpg,0
data_2016/Train/benign/ISIC_0000465.jpg,0
data_2016/Train/benign/ISIC_0009967.jpg,0
data_2016/Train/benign/ISIC_0009344.jpg,0
data_2016/Train/benign/ISIC_0000379.jpg,0
data_2016/Train/benign/ISIC_0003346.jpg,0
data_2016/Train/benign/ISIC_0000249.jpg,0
data_2016/Train/benign/ISIC_0004715.jpg,0
data_2016/Train/benign/ISIC_0000384.jpg,0
data_2016/Train/benign/ISIC_0011202.jpg,0
data_2016/Train/benign/ISIC_0010060.jpg,0
data_2016/Train/benign/ISIC_0010339.jpg,0
data_2016/Train/benign/ISIC_0011117.jpg,0
data_2016/Train/benign/ISIC_0010566.jpg,0
data_2016/Train/benign/ISIC_0000184.jpg,0
data_2016/Train/benign/ISIC_0000385.jpg,0
data_2016/Train/benign/ISIC_0000507.jpg,0
data_2016/Train/benign/ISIC_0000017.jpg,0
data_2016/Train/benign/ISIC_0001216.jpg,0
data_2016/Train/benign/ISIC_0009935.jpg,0
data_2016/Train/benign/ISIC_0000536.jpg,0
data_2016/Train/benign/ISIC_0011109.jpg,0
data_2016/Train/benign/ISIC_0010246.jpg,0
data_2016/Train/benign/ISIC_0001275.jpg,0
data_2016/Train/benign/ISIC_0011372.jpg,0
data_2016/Train/benign/ISIC_0002287.jpg,0
data_2016/Train/benign/ISIC_0000102.jpg,0
data_2016/Train/benign/ISIC_0001374.jpg,0
data_2016/Train/benign/ISIC_0011146.jpg,0
data_2016/Train/benign/ISIC_0011296.jpg,0
data_2016/Train/benign/ISIC_0010445.jpg,0
data_2016/Train/benign/ISIC_0000361.jpg,0
data_2016/Train/benign/ISIC_0011301.jpg,0
data_2016/Train/benign/ISIC_0000118.jpg,0
data_2016/Train/benign/ISIC_0000185.jpg,0
data_2016/Train/benign/ISIC_0008541.jpg,0
data_2016/Train/benign/ISIC_0009297.jpg,0
data_2016/Train/benign/ISIC_0000215.jpg,0
data_2016/Train/benign/ISIC_0000454.jpg,0
data_2016/Train/benign/ISIC_0009944.jpg,0
data_2016/Train/benign/ISIC_0010022.jpg,0
data_2016/Train/benign/ISIC_0010178.jpg,0
data_2016/Train/benign/ISIC_0000265.jpg,0
data_2016/Train/benign/ISIC_0009800.jpg,0
data_2016/Train/benign/ISIC_0010170.jpg,0
data_2016/Train/benign/ISIC_0010227.jpg,0
data_2016/Train/benign/ISIC_0010589.jpg,0
data_2016/Train/benign/ISIC_0000461.jpg,0
data_2016/Train/benign/ISIC_0000351.jpg,0
data_2016/Train/benign/ISIC_0000048.jpg,0
data_2016/Train/benign/ISIC_0011330.jpg,0
data_2016/Train/benign/ISIC_0004110.jpg,0
data_2016/Train/benign/ISIC_0007760.jpg,0
data_2016/Train/benign/ISIC_0009938.jpg,0
data_2016/Train/benign/ISIC_0000544.jpg,0
data_2016/Train/benign/ISIC_0010043.jpg,0
data_2016/Train/benign/ISIC_0009961.jpg,0
data_2016/Train/benign/ISIC_0000252.jpg,0
data_2016/Train/benign/ISIC_0000008.jpg,0
data_2016/Train/benign/ISIC_0000204.jpg,0
data_2016/Train/benign/ISIC_0010247.jpg,0
data_2016/Train/benign/ISIC_0010006.jpg,0
data_2016/Train/benign/ISIC_0002438.jpg,0
data_2016/Train/benign/ISIC_0000345.jpg,0
data_2016/Train/benign/ISIC_0001247.jpg,0
data_2016/Train/benign/ISIC_0000396.jpg,0
data_2016/Train/benign/ISIC_0010223.jpg,0
data_2016/Train/benign/ISIC_0000019.jpg,0
data_2016/Train/benign/ISIC_0009160.jpg,0
data_2016/Train/benign/ISIC_0009969.jpg,0
data_2016/Train/benign/ISIC_0010102.jpg,0
data_2016/Train/benign/ISIC_0011164.jpg,0
data_2016/Train/benign/ISIC_0000382.jpg,0
data_2016/Train/benign/ISIC_0009963.jpg,0
data_2016/Train/benign/ISIC_0000323.jpg,0
data_2016/Train/benign/ISIC_0010352.jpg,0
data_2016/Train/benign/ISIC_0000339.jpg,0
data_2016/Train/benign/ISIC_0000085.jpg,0
data_2016/Train/benign/ISIC_0000263.jpg,0
data_2016/Train/benign/ISIC_0008552.jpg,0
data_2016/Train/benign/ISIC_0000342.jpg,0
data_2016/Train/benign/ISIC_0011398.jpg,0
data_2016/Train/benign/ISIC_0000453.jpg,0
data_2016/Train/benign/ISIC_0009895.jpg,0
data_2016/Train/benign/ISIC_0000242.jpg,0
data_2016/Train/benign/ISIC_0010222.jpg,0
data_2016/Train/benign/ISIC_0010086.jpg,0
data_2016/Train/benign/ISIC_0000425.jpg,0
data_2016/Train/benign/ISIC_0008528.jpg,0
data_2016/Train/benign/ISIC_0011228.jpg,0
data_2016/Train/benign/ISIC_0010853.jpg,0
data_2016/Train/benign/ISIC_0010357.jpg,0
data_2016/Train/benign/ISIC_0010593.jpg,0
data_2016/Train/benign/ISIC_0001187.jpg,0
data_2016/Train/benign/ISIC_0011358.jpg,0
data_2016/Train/benign/ISIC_0000000.jpg,0
data_2016/Train/benign/ISIC_0011211.jpg,0
data_2016/Train/benign/ISIC_0000116.jpg,0
data_2016/Train/benign/ISIC_0011297.jpg,0
data_2016/Train/benign/ISIC_0000191.jpg,0
data_2016/Train/benign/ISIC_0010849.jpg,0
data_2016/Train/benign/ISIC_0000535.jpg,0
data_2016/Train/benign/ISIC_0008294.jpg,0
data_2016/Train/benign/ISIC_0000500.jpg,0
data_2016/Train/benign/ISIC_0000239.jpg,0
data_2016/Train/benign/ISIC_0007557.jpg,0
data_2016/Train/benign/ISIC_0010461.jpg,0
data_2016/Train/benign/ISIC_0000055.jpg,0
data_2016/Train/benign/ISIC_0010220.jpg,0
data_2016/Train/benign/ISIC_0000179.jpg,0
data_2016/Train/benign/ISIC_0004168.jpg,0
data_2016/Train/benign/ISIC_0000121.jpg,0
data_2016/Train/benign/ISIC_0000096.jpg,0
data_2016/Train/benign/ISIC_0000047.jpg,0
data_2016/Train/benign/ISIC_0011393.jpg,0
data_2016/Train/benign/ISIC_0009870.jpg,0
data_2016/Train/benign/ISIC_0001213.jpg,0
data_2016/Train/benign/ISIC_0005247.jpg,0
data_2016/Train/benign/ISIC_0000044.jpg,0
data_2016/Train/benign/ISIC_0000442.jpg,0
data_2016/Train/benign/ISIC_0011207.jpg,0
data_2016/Train/benign/ISIC_0010481.jpg,0
data_2016/Train/benign/ISIC_0010252.jpg,0
data_2016/Train/benign/ISIC_0005620.jpg,0
data_2016/Train/benign/ISIC_0006795.jpg,0
data_2016/Train/benign/ISIC_0001385.jpg,0
data_2016/Train/benign/ISIC_0000397.jpg,0
data_2016/Train/benign/ISIC_0009921.jpg,0
data_2016/Train/benign/ISIC_0010459.jpg,0
data_2016/Train/benign/ISIC_0010447.jpg,0
data_2016/Train/benign/ISIC_0011324.jpg,0
data_2016/Train/benign/ISIC_0010083.jpg,0
data_2016/Train/benign/ISIC_0010327.jpg,0
data_2016/Train/benign/ISIC_0000409.jpg,0
data_2016/Train/benign/ISIC_0000543.jpg,0
data_2016/Train/benign/ISIC_0009942.jpg,0
data_2016/Train/benign/ISIC_0010237.jpg,0
data_2016/Train/benign/ISIC_0000259.jpg,0
data_2016/Train/benign/ISIC_0001367.jpg,0
data_2016/Train/benign/ISIC_0000473.jpg,0
data_2016/Train/benign/ISIC_0010248.jpg,0
data_2016/Train/benign/ISIC_0000374.jpg,0
data_2016/Train/benign/ISIC_0009966.jpg,0
data_2016/Train/benign/ISIC_0005639.jpg,0
data_2016/Train/benign/ISIC_0000455.jpg,0
data_2016/Train/benign/ISIC_0010586.jpg,0
data_2016/Train/benign/ISIC_0009758.jpg,0
data_2016/Train/benign/ISIC_0006776.jpg,0
data_2016/Train/benign/ISIC_0000900.jpg,0
data_2016/Train/benign/ISIC_0000025.jpg,0
data_2016/Train/benign/ISIC_0000203.jpg,0
data_2016/Train/benign/ISIC_0010014.jpg,0
data_2016/Train/benign/ISIC_0000882.jpg,0
data_2016/Train/benign/ISIC_0010232.jpg,0
data_2016/Train/benign/ISIC_0011085.jpg,0
data_2016/Train/benign/ISIC_0000240.jpg,0
data_2016/Train/benign/ISIC_0003308.jpg,0
data_2016/Train/benign/ISIC_0010226.jpg,0
data_2016/Train/benign/ISIC_0000538.jpg,0
data_2016/Train/benign/ISIC_0000486.jpg,0
data_2016/Train/benign/ISIC_0009917.jpg,0
data_2016/Train/benign/ISIC_0010044.jpg,0
data_2016/Train/benign/ISIC_0000332.jpg,0
data_2016/Train/benign/ISIC_0002459.jpg,0
data_2016/Train/benign/ISIC_0011144.jpg,0
data_2016/Train/benign/ISIC_0010021.jpg,0
data_2016/Train/benign/ISIC_0000089.jpg,0
data_2016/Train/benign/ISIC_0009904.jpg,0
data_2016/Train/benign/ISIC_0000363.jpg,0
data_2016/Train/benign/ISIC_0010074.jpg,0
data_2016/Train/benign/ISIC_0010046.jpg,0
data_2016/Train/benign/ISIC_0010078.jpg,0
data_2016/Train/benign/ISIC_0011145.jpg,0
data_2016/Train/benign/ISIC_0000447.jpg,0
data_2016/Train/benign/ISIC_0000269.jpg,0
data_2016/Train/benign/ISIC_0001191.jpg,0
data_2016/Train/benign/ISIC_0002879.jpg,0
data_2016/Train/benign/ISIC_0000436.jpg,0
data_2016/Train/benign/ISIC_0002616.jpg,0
data_2016/Train/benign/ISIC_0010239.jpg,0
data_2016/Train/benign/ISIC_0005548.jpg,0
data_2016/Train/benign/ISIC_0000059.jpg,0
data_2016/Train/benign/ISIC_0000545.jpg,0
data_2016/Train/benign/ISIC_0010317.jpg,0
data_2016/Train/benign/ISIC_0000199.jpg,0
data_2016/Train/benign/ISIC_0001286.jpg,0
data_2016/Train/benign/ISIC_0000237.jpg,0
data_2016/Train/benign/ISIC_0009975.jpg,0
data_2016/Train/benign/ISIC_0001306.jpg,0
data_2016/Train/benign/ISIC_0008236.jpg,0
data_2016/Train/benign/ISIC_0000370.jpg,0
data_2016/Train/benign/ISIC_0009919.jpg,0
data_2016/Train/benign/ISIC_0000333.jpg,0
data_2016/Train/benign/ISIC_0010094.jpg,0
data_2016/Train/benign/ISIC_0008993.jpg,0
data_2016/Train/benign/ISIC_0010185.jpg,0
data_2016/Train/benign/ISIC_0000028.jpg,0
data_2016/Train/benign/ISIC_0010844.jpg,0
data_2016/Train/benign/ISIC_0011362.jpg,0
data_2016/Train/benign/ISIC_0011127.jpg,0
data_2016/Train/benign/ISIC_0000225.jpg,0
data_2016/Train/benign/ISIC_0010249.jpg,0
data_2016/Train/benign/ISIC_0000124.jpg,0
data_2016/Train/benign/ISIC_0009962.jpg,0
data_2016/Train/benign/ISIC_0009979.jpg,0
data_2016/Train/benign/ISIC_0000468.jpg,0
data_2016/Train/benign/ISIC_0010558.jpg,0
data_2016/Train/benign/ISIC_0010042.jpg,0
data_2016/Train/benign/ISIC_0009929.jpg,0
data_2016/Train/benign/ISIC_0004985.jpg,0
data_2016/Train/benign/ISIC_0010480.jpg,0
data_2016/Train/benign/ISIC_0010070.jpg,0
data_2016/Train/benign/ISIC_0011203.jpg,0
data_2016/Train/benign/ISIC_0010168.jpg,0
data_2016/Train/benign/ISIC_0010488.jpg,0
data_2016/Train/benign/ISIC_0009875.jpg,0
data_2016/Train/benign/ISIC_0000182.jpg,0
data_2016/Train/benign/ISIC_0000337.jpg,0
data_2016/Train/benign/ISIC_0011082.jpg,0
data_2016/Train/benign/ISIC_0002251.jpg,0
data_2016/Train/benign/ISIC_0000383.jpg,0
data_2016/Train/benign/ISIC_0000119.jpg,0
data_2016/Train/benign/ISIC_0011156.jpg,0
data_2016/Train/benign/ISIC_0005666.jpg,0
data_2016/Train/benign/ISIC_0010342.jpg,0
data_2016/Train/benign/ISIC_0010032.jpg,0
data_2016/Train/benign/ISIC_0010479.jpg,0
data_2016/Train/benign/ISIC_0011382.jpg,0
data_2016/Train/benign/ISIC_0011226.jpg,0
data_2016/Train/benign/ISIC_0000220.jpg,0
data_2016/Train/benign/ISIC_0002976.jpg,0
data_2016/Train/benign/ISIC_0010568.jpg,0
data_2016/Train/benign/ISIC_0010015.jpg,0
data_2016/Train/benign/ISIC_0000268.jpg,0
data_2016/Train/benign/ISIC_0006982.jpg,0
data_2016/Train/benign/ISIC_0006326.jpg,0
data_2016/Train/benign/ISIC_0000190.jpg,0
data_2016/Train/benign/ISIC_0009909.jpg,0
data_2016/Train/benign/ISIC_0008029.jpg,0
data_2016/Train/benign/ISIC_0000075.jpg,0
data_2016/Train/benign/ISIC_0010079.jpg,0
data_2016/Train/benign/ISIC_0000060.jpg,0
data_2016/Train/benign/ISIC_0000336.jpg,0
data_2016/Train/benign/ISIC_0010228.jpg,0
data_2016/Train/benign/ISIC_0010861.jpg,0
data_2016/Train/benign/ISIC_0010367.jpg,0
data_2016/Train/benign/ISIC_0010436.jpg,0
data_2016/Train/benign/ISIC_0010219.jpg,0
data_2016/Train/benign/ISIC_0000480.jpg,0
data_2016/Train/benign/ISIC_0010590.jpg,0
data_2016/Train/benign/ISIC_0000352.jpg,0
data_2016/Train/benign/ISIC_0002353.jpg,0
data_2016/Train/benign/ISIC_0011218.jpg,0
data_2016/Train/benign/ISIC_0010003.jpg,0
data_2016/Train/benign/ISIC_0000491.jpg,0
data_2016/Train/benign/ISIC_0010075.jpg,0
data_2016/Train/benign/ISIC_0011100.jpg,0
data_2016/Train/benign/ISIC_0010464.jpg,0
data_2016/Train/benign/ISIC_0010205.jpg,0
data_2016/Train/benign/ISIC_0010212.jpg,0
data_2016/Train/benign/ISIC_0010035.jpg,0
data_2016/Train/benign/ISIC_0005187.jpg,0
data_2016/Train/benign/ISIC_0010087.jpg,0
data_2016/Train/benign/ISIC_0000262.jpg,0
data_2016/Train/benign/ISIC_0010492.jpg,0
data_2016/Train/benign/ISIC_0000181.jpg,0
data_2016/Train/benign/ISIC_0011373.jpg,0
data_2016/Train/benign/ISIC_0008280.jpg,0
data_2016/Train/benign/ISIC_0000061.jpg,0
data_2016/Train/benign/ISIC_0009873.jpg,0
data_2016/Train/benign/ISIC_0010333.jpg,0
data_2016/Train/benign/ISIC_0000474.jpg,0
data_2016/Train/benign/ISIC_0009505.jpg,0
data_2016/Train/benign/ISIC_0009939.jpg,0
data_2016/Train/benign/ISIC_0009893.jpg,0
data_2016/Train/benign/ISIC_0011385.jpg,0
data_2016/Train/benign/ISIC_0001254.jpg,0
data_2016/Train/benign/ISIC_0010332.jpg,0
data_2016/Train/benign/ISIC_0011332.jpg,0
data_2016/Train/benign/ISIC_0006940.jpg,0
data_2016/Train/benign/ISIC_0010090.jpg,0
data_2016/Train/benign/ISIC_0011352.jpg,0
data_2016/Train/benign/ISIC_0000134.jpg,0
data_2016/Train/benign/ISIC_0009896.jpg,0
data_2016/Train/benign/ISIC_0000041.jpg,0
data_2016/Train/benign/ISIC_0010177.jpg,0
data_2016/Train/benign/ISIC_0010025.jpg,0
data_2016/Train/benign/ISIC_0000275.jpg,0
data_2016/Train/benign/ISIC_0000341.jpg,0
data_2016/Train/benign/ISIC_0000523.jpg,0
data_2016/Train/benign/ISIC_0010176.jpg,0
data_2016/Train/benign/ISIC_0010063.jpg,0
data_2016/Train/benign/ISIC_0010382.jpg,0
data_2016/Train/benign/ISIC_0010356.jpg,0
data_2016/Train/benign/ISIC_0000556.jpg,0
data_2016/Train/benign/ISIC_0008913.jpg,0
data_2016/Train/benign/ISIC_0000364.jpg,0
data_2016/Train/benign/ISIC_0009912.jpg,0
data_2016/Train/benign/ISIC_0000206.jpg,0
data_2016/Train/benign/ISIC_0011199.jpg,0
data_2016/Train/benign/ISIC_0000322.jpg,0
data_2016/Train/benign/ISIC_0011354.jpg,0
data_2016/Train/benign/ISIC_0010490.jpg,0
data_2016/Train/benign/ISIC_0009973.jpg,0
data_2016/Train/benign/ISIC_0010105.jpg,0
data_2016/Train/benign/ISIC_0010236.jpg,0
data_2016/Train/benign/ISIC_0011378.jpg,0
data_2016/Train/benign/ISIC_0009877.jpg,0
data_2016/Train/benign/ISIC_0008396.jpg,0
data_2016/Train/benign/ISIC_0000530.jpg,0
data_2016/Train/benign/ISIC_0011400.jpg,0
data_2016/Train/benign/ISIC_0010572.jpg,0
data_2016/Train/benign/ISIC_0000011.jpg,0
data_2016/Train/benign/ISIC_0010491.jpg,0
data_2016/Train/benign/ISIC_0000120.jpg,0
data_2016/Train/benign/ISIC_0000086.jpg,0
data_2016/Train/benign/ISIC_0010496.jpg,0
data_2016/Train/benign/ISIC_0005555.jpg,0
data_2016/Train/benign/ISIC_0010562.jpg,0
data_2016/Train/benign/ISIC_0000316.jpg,0
data_2016/Train/benign/ISIC_0009925.jpg,0
data_2016/Train/benign/ISIC_0011170.jpg,0
data_2016/Train/benign/ISIC_0011124.jpg,0
data_2016/Train/benign/ISIC_0010344.jpg,0
data_2016/Train/benign/ISIC_0000205.jpg,0
data_2016/Train/benign/ISIC_0000353.jpg,0
data_2016/Train/benign/ISIC_0009951.jpg,0
data_2016/Train/benign/ISIC_0000493.jpg,0
data_2016/Train/benign/ISIC_0010602.jpg,0
data_2016/Train/benign/ISIC_0010435.jpg,0
data_2016/Train/benign/ISIC_0010263.jpg,0
data_2016/Train/benign/ISIC_0000260.jpg,0
data_2016/Train/benign/ISIC_0009884.jpg,0
data_2016/Train/benign/ISIC_0002469.jpg,0
data_2016/Train/benign/ISIC_0009888.jpg,0
data_2016/Train/benign/ISIC_0001296.jpg,0
data_2016/Train/benign/ISIC_0000110.jpg,0
data_2016/Train/benign/ISIC_0000073.jpg,0
data_2016/Train/benign/ISIC_0001742.jpg,0
data_2016/Train/benign/ISIC_0000112.jpg,0
data_2016/Train/benign/ISIC_0010203.jpg,0
data_2016/Train/benign/ISIC_0011102.jpg,0
data_2016/Train/benign/ISIC_0009941.jpg,0
data_2016/Train/benign/ISIC_0009860.jpg,0
data_2016/Train/benign/ISIC_0011212.jpg,0
data_2016/Train/benign/ISIC_0010218.jpg,0
data_2016/Train/benign/ISIC_0000498.jpg,0
data_2016/Train/benign/ISIC_0010462.jpg,0
data_2016/Train/benign/ISIC_0010351.jpg,0
data_2016/Train/benign/ISIC_0010557.jpg,0
data_2016/Train/benign/ISIC_0000346.jpg,0
data_2016/Train/benign/ISIC_0011120.jpg,0
data_2016/Train/benign/ISIC_0008524.jpg,0
data_2016/Train/benign/ISIC_0000542.jpg,0
data_2016/Train/benign/ISIC_0011157.jpg,0
data_2016/Train/benign/ISIC_0010204.jpg,0
data_2016/Train/benign/ISIC_0011215.jpg,0
data_2016/Train/benign/ISIC_0010569.jpg,0
data_2016/Train/benign/ISIC_0002476.jpg,0
data_2016/Train/benign/ISIC_0010256.jpg,0
data_2016/Train/benign/ISIC_0000211.jpg,0
data_2016/Train/benign/ISIC_0010069.jpg,0
data_2016/Train/benign/ISIC_0011353.jpg,0
data_2016/Train/benign/ISIC_0009978.jpg,0
data_2016/Train/benign/ISIC_0010472.jpg,0
data_2016/Train/benign/ISIC_0002836.jpg,0
data_2016/Train/benign/ISIC_0000216.jpg,0
data_2016/Train/benign/ISIC_0010850.jpg,0
data_2016/Train/benign/ISIC_0010071.jpg,0
data_2016/Train/benign/ISIC_0000223.jpg,0
data_2016/Train/benign/ISIC_0004166.jpg,0
data_2016/Train/benign/ISIC_0010554.jpg,0
data_2016/Train/benign/ISIC_0009883.jpg,0
data_2016/Train/benign/ISIC_0002647.jpg,0
data_2016/Train/benign/ISIC_0010184.jpg,0
data_2016/Train/benign/ISIC_0000349.jpg,0
data_2016/Train/benign/ISIC_0010091.jpg,0
data_2016/Train/benign/ISIC_0000251.jpg,0
data_2016/Train/benign/ISIC_0002374.jpg,0
data_2016/Train/benign/ISIC_0000423.jpg,0
data_2016/Train/benign/ISIC_0010362.jpg,0
data_2016/Train/benign/ISIC_0011326.jpg,0
data_2016/Train/benign/ISIC_0000348.jpg,0
data_2016/Train/benign/ISIC_0011230.jpg,0
data_2016/Train/benign/ISIC_0000133.jpg,0
data_2016/Train/benign/ISIC_0010068.jpg,0
data_2016/Train/benign/ISIC_0011114.jpg,0
data_2016/Train/benign/ISIC_0000236.jpg,0
data_2016/Train/benign/ISIC_0000081.jpg,0
data_2016/Train/benign/ISIC_0010341.jpg,0
data_2016/Train/benign/ISIC_0010264.jpg,0
data_2016/Train/benign/ISIC_0000001.jpg,0
data_2016/Train/benign/ISIC_0001184.jpg,0
data_2016/Train/benign/ISIC_0000481.jpg,0
data_2016/Train/benign/ISIC_0011105.jpg,0
data_2016/Train/benign/ISIC_0000485.jpg,0
data_2016/Train/benign/ISIC_0010005.jpg,0
data_2016/Train/benign/ISIC_0010337.jpg,0
data_2016/Train/benign/ISIC_0000063.jpg,0
data_2016/Train/benign/ISIC_0010320.jpg,0
data_2016/Train/benign/ISIC_0000221.jpg,0
data_2016/Train/benign/ISIC_0011345.jpg,0
data_2016/Train/benign/ISIC_0002806.jpg,0
data_2016/Train/benign/ISIC_0011304.jpg,0
data_2016/Train/benign/ISIC_0009583.jpg,0
data_2016/Train/benign/ISIC_0000094.jpg,0
data_2016/Train/benign/ISIC_0000360.jpg,0
data_2016/Train/benign/ISIC_0000245.jpg,0
data_2016/Train/benign/ISIC_0000376.jpg,0
data_2016/Train/benign/ISIC_0000274.jpg,0
data_2016/Train/benign/ISIC_0000193.jpg,0
data_2016/Train/benign/ISIC_0000504.jpg,0
data_2016/Train/benign/ISIC_0009964.jpg,0
data_2016/Train/benign/ISIC_0011115.jpg,0
data_2016/Train/benign/ISIC_0010262.jpg,0
data_2016/Train/benign/ISIC_0010040.jpg,0
data_2016/Train/benign/ISIC_0010467.jpg,0
data_2016/Train/benign/ISIC_0000108.jpg,0
data_2016/Train/benign/ISIC_0002948.jpg,0
data_2016/Train/benign/ISIC_0000128.jpg,0
data_2016/Train/benign/ISIC_0000006.jpg,0
data_2016/Train/benign/ISIC_0000326.jpg,0
data_2016/Train/benign/ISIC_0010581.jpg,0
data_2016/Train/benign/ISIC_0010019.jpg,0
data_2016/Train/benign/ISIC_0009936.jpg,0
data_2016/Train/benign/ISIC_0000483.jpg,0
data_2016/Train/benign/ISIC_0010443.jpg,0
data_2016/Train/benign/ISIC_0011299.jpg,0
data_2016/Train/benign/ISIC_0000350.jpg,0
data_2016/Train/benign/ISIC_0011306.jpg,0
data_2016/Train/benign/ISIC_0009981.jpg,0
data_2016/Train/benign/ISIC_0000042.jpg,0
data_2016/Train/benign/ISIC_0000010.jpg,0
data_2016/Train/benign/ISIC_0011116.jpg,0
data_2016/Train/benign/ISIC_0002453.jpg,0
data_2016/Train/benign/ISIC_0000038.jpg,0
data_2016/Train/benign/ISIC_0000408.jpg,0
data_2016/Train/benign/ISIC_0010093.jpg,0
data_2016/Train/benign/ISIC_0008347.jpg,0
data_2016/Train/benign/ISIC_0011343.jpg,0
data_2016/Train/benign/ISIC_0010371.jpg,0
data_2016/Train/benign/ISIC_0000080.jpg,0
data_2016/Train/benign/ISIC_0002885.jpg,0
data_2016/Train/benign/ISIC_0011357.jpg,0
data_2016/Train/benign/ISIC_0011159.jpg,0
data_2016/Train/benign/ISIC_0010442.jpg,0
data_2016/Train/benign/ISIC_0010053.jpg,0
data_2016/Train/benign/ISIC_0000492.jpg,0
data_2016/Train/benign/ISIC_0000100.jpg,0
data_2016/Train/benign/ISIC_0000068.jpg,0
data_2016/Train/benign/ISIC_0000045.jpg,0
data_2016/Train/benign/ISIC_0000217.jpg,0
data_2016/Train/benign/ISIC_0009599.jpg,0
data_2016/Train/benign/ISIC_0001267.jpg,0
data_2016/Train/benign/ISIC_0000187.jpg,0
data_2016/Train/benign/ISIC_0010002.jpg,0
data_2016/Train/benign/ISIC_0011214.jpg,0
data_2016/Train/benign/ISIC_0002488.jpg,0
data_2016/Train/benign/ISIC_0010567.jpg,0
data_2016/Train/benign/ISIC_0000105.jpg,0
data_2016/Train/benign/ISIC_0000452.jpg,0
data_2016/Train/benign/ISIC_0011225.jpg,0
data_2016/Train/benign/ISIC_0000372.jpg,0
data_2016/Train/benign/ISIC_0009914.jpg,0
data_2016/Train/benign/ISIC_0010605.jpg,0
data_2016/Train/benign/ISIC_0011339.jpg,0
data_2016/Train/benign/ISIC_0010370.jpg,0
data_2016/Train/benign/ISIC_0000419.jpg,0
data_2016/Train/benign/ISIC_0001292.jpg,0
data_2016/Train/benign/ISIC_0000062.jpg,0
data_2016/Train/benign/ISIC_0006612.jpg,0
data_2016/Train/benign/ISIC_0009933.jpg,0
data_2016/Train/benign/ISIC_0011165.jpg,0
data_2016/Train/benign/ISIC_0000021.jpg,0
data_2016/Train/benign/ISIC_0000235.jpg,0
data_2016/Train/benign/ISIC_0000387.jpg,0
data_2016/Train/benign/ISIC_0000244.jpg,0
data_2016/Train/benign/ISIC_0001449.jpg,0
data_2016/Train/benign/ISIC_0010330.jpg,0
data_2016/Train/benign/ISIC_0000431.jpg,0
data_2016/Train/benign/ISIC_0010473.jpg,0
data_2016/Train/benign/ISIC_0011341.jpg,0
data_2016/Train/benign/ISIC_0000358.jpg,0
data_2016/Train/benign/ISIC_0011347.jpg,0
data_2016/Train/benign/ISIC_0000058.jpg,0
data_2016/Train/benign/ISIC_0001163.jpg,0
data_2016/Train/benign/ISIC_0010594.jpg,0
data_2016/Train/benign/ISIC_0010334.jpg,0
data_2016/Train/benign/ISIC_0011220.jpg,0
data_2016/Train/benign/ISIC_0010191.jpg,0
data_2016/Train/benign/ISIC_0010603.jpg,0
data_2016/Train/benign/ISIC_0000475.jpg,0
data_2016/Train/benign/ISIC_0000016.jpg,0
data_2016/Train/benign/ISIC_0000999.jpg,0
data_2016/Train/benign/ISIC_0000524.jpg,0
data_2016/Train/benign/ISIC_0000103.jpg,0
data_2016/Train/benign/ISIC_0010570.jpg,0
data_2016/Train/malignant/ISIC_0010495.jpg,1
data_2016/Train/malignant/ISIC_0000139.jpg,1
data_2016/Train/malignant/ISIC_0000554.jpg,1
data_2016/Train/malignant/ISIC_0000156.jpg,1
data_2016/Train/malignant/ISIC_0000151.jpg,1
data_2016/Train/malignant/ISIC_0010174.jpg,1
data_2016/Train/malignant/ISIC_0000031.jpg,1
data_2016/Train/malignant/ISIC_0010029.jpg,1
data_2016/Train/malignant/ISIC_0000140.jpg,1
data_2016/Train/malignant/ISIC_0000143.jpg,1
data_2016/Train/malignant/ISIC_0000548.jpg,1
data_2016/Train/malignant/ISIC_0000395.jpg,1
data_2016/Train/malignant/ISIC_0010242.jpg,1
data_2016/Train/malignant/ISIC_0000078.jpg,1
data_2016/Train/malignant/ISIC_0001126.jpg,1
data_2016/Train/malignant/ISIC_0011140.jpg,1
data_2016/Train/malignant/ISIC_0000520.jpg,1
data_2016/Train/malignant/ISIC_0010468.jpg,1
data_2016/Train/malignant/ISIC_0010067.jpg,1
data_2016/Train/malignant/ISIC_0000046.jpg,1
data_2016/Train/malignant/ISIC_0000276.jpg,1
data_2016/Train/malignant/ISIC_0000314.jpg,1
data_2016/Train/malignant/ISIC_0011136.jpg,1
data_2016/Train/malignant/ISIC_0010266.jpg,1
data_2016/Train/malignant/ISIC_0000074.jpg,1
data_2016/Train/malignant/ISIC_0010189.jpg,1
data_2016/Train/malignant/ISIC_0000150.jpg,1
data_2016/Train/malignant/ISIC_0011334.jpg,1
data_2016/Train/malignant/ISIC_0010000.jpg,1
data_2016/Train/malignant/ISIC_0000303.jpg,1
data_2016/Train/malignant/ISIC_0010036.jpg,1
data_2016/Train/malignant/ISIC_0000390.jpg,1
data_2016/Train/malignant/ISIC_0001118.jpg,1
data_2016/Train/malignant/ISIC_0011329.jpg,1
data_2016/Train/malignant/ISIC_0000282.jpg,1
data_2016/Train/malignant/ISIC_0010380.jpg,1
data_2016/Train/malignant/ISIC_0009971.jpg,1
data_2016/Train/malignant/ISIC_0011350.jpg,1
data_2016/Train/malignant/ISIC_0000029.jpg,1
data_2016/Train/malignant/ISIC_0001134.jpg,1
data_2016/Train/malignant/ISIC_0000166.jpg,1
data_2016/Train/malignant/ISIC_0000173.jpg,1
data_2016/Train/malignant/ISIC_0010358.jpg,1
data_2016/Train/malignant/ISIC_0000521.jpg,1
data_2016/Train/malignant/ISIC_0010081.jpg,1
data_2016/Train/malignant/ISIC_0010056.jpg,1
data_2016/Train/malignant/ISIC_0010322.jpg,1
data_2016/Train/malignant/ISIC_0010225.jpg,1
data_2016/Train/malignant/ISIC_0010852.jpg,1
data_2016/Train/malignant/ISIC_0010235.jpg,1
data_2016/Train/malignant/ISIC_0011130.jpg,1
data_2016/Train/malignant/ISIC_0001148.jpg,1
data_2016/Train/malignant/ISIC_0011141.jpg,1
data_2016/Train/malignant/ISIC_0000463.jpg,1
data_2016/Train/malignant/ISIC_0000147.jpg,1
data_2016/Train/malignant/ISIC_0011095.jpg,1
data_2016/Train/malignant/ISIC_0000288.jpg,1
data_2016/Train/malignant/ISIC_0001102.jpg,1
data_2016/Train/malignant/ISIC_0010862.jpg,1
data_2016/Train/malignant/ISIC_0011210.jpg,1
data_2016/Train/malignant/ISIC_0000026.jpg,1
data_2016/Train/malignant/ISIC_0000159.jpg,1
data_2016/Train/malignant/ISIC_0010372.jpg,1
data_2016/Train/malignant/ISIC_0009960.jpg,1
data_2016/Train/malignant/ISIC_0011169.jpg,1
data_2016/Train/malignant/ISIC_0000469.jpg,1
data_2016/Train/malignant/ISIC_0000035.jpg,1
data_2016/Train/malignant/ISIC_0000552.jpg,1
data_2016/Train/malignant/ISIC_0010267.jpg,1
data_2016/Train/malignant/ISIC_0010241.jpg,1
data_2016/Train/malignant/ISIC_0000280.jpg,1
data_2016/Train/malignant/ISIC_0000517.jpg,1
data_2016/Train/malignant/ISIC_0011128.jpg,1
data_2016/Train/malignant/ISIC_0000030.jpg,1
data_2016/Train/malignant/ISIC_0000555.jpg,1
data_2016/Train/malignant/ISIC_0000054.jpg,1
data_2016/Train/malignant/ISIC_0000171.jpg,1
data_2016/Train/malignant/ISIC_0000294.jpg,1
data_2016/Train/malignant/ISIC_0000444.jpg,1
data_2016/Train/malignant/ISIC_0011387.jpg,1
data_2016/Train/malignant/ISIC_0011295.jpg,1
data_2016/Train/malignant/ISIC_0000146.jpg,1
data_2016/Train/malignant/ISIC_0000155.jpg,1
data_2016/Train/malignant/ISIC_0000176.jpg,1
data_2016/Train/malignant/ISIC_0010194.jpg,1
data_2016/Train/malignant/ISIC_0010576.jpg,1
data_2016/Train/malignant/ISIC_0011121.jpg,1
data_2016/Train/malignant/ISIC_0000049.jpg,1
data_2016/Train/malignant/ISIC_0010329.jpg,1
data_2016/Train/malignant/ISIC_0010054.jpg,1
data_2016/Train/malignant/ISIC_0000297.jpg,1
data_2016/Train/malignant/ISIC_0000157.jpg,1
data_2016/Train/malignant/ISIC_0000281.jpg,1
data_2016/Train/malignant/ISIC_0011315.jpg,1
data_2016/Train/malignant/ISIC_0000531.jpg,1
data_2016/Train/malignant/ISIC_0010265.jpg,1
data_2016/Train/malignant/ISIC_0000277.jpg,1
data_2016/Train/malignant/ISIC_0000148.jpg,1
data_2016/Train/malignant/ISIC_0010024.jpg,1
data_2016/Train/malignant/ISIC_0011135.jpg,1
data_2016/Train/malignant/ISIC_0000283.jpg,1
data_2016/Train/malignant/ISIC_0001140.jpg,1
data_2016/Train/malignant/ISIC_0001133.jpg,1
data_2016/Train/malignant/ISIC_0000513.jpg,1
data_2016/Train/malignant/ISIC_0010350.jpg,1
data_2016/Train/malignant/ISIC_0000434.jpg,1
data_2016/Train/malignant/ISIC_0011366.jpg,1
data_2016/Train/malignant/ISIC_0000154.jpg,1
data_2016/Train/malignant/ISIC_0011137.jpg,1
data_2016/Train/malignant/ISIC_0000002.jpg,1
data_2016/Train/malignant/ISIC_0009934.jpg,1
data_2016/Train/malignant/ISIC_0000167.jpg,1
data_2016/Train/malignant/ISIC_0009897.jpg,1
data_2016/Train/malignant/ISIC_0011166.jpg,1
data_2016/Train/malignant/ISIC_0000301.jpg,1
data_2016/Train/malignant/ISIC_0000153.jpg,1
data_2016/Train/malignant/ISIC_0000551.jpg,1
data_2016/Train/malignant/ISIC_0000290.jpg,1
data_2016/Train/malignant/ISIC_0000163.jpg,1
data_2016/Train/malignant/ISIC_0010860.jpg,1
data_2016/Train/malignant/ISIC_0009868.jpg,1
data_2016/Train/malignant/ISIC_0010364.jpg,1
data_2016/Train/malignant/ISIC_0000278.jpg,1
data_2016/Train/malignant/ISIC_0010240.jpg,1
data_2016/Train/malignant/ISIC_0000152.jpg,1
data_2016/Train/malignant/ISIC_0011125.jpg,1
data_2016/Train/malignant/ISIC_0011390.jpg,1
data_2016/Train/malignant/ISIC_0011163.jpg,1
data_2016/Train/malignant/ISIC_0000004.jpg,1
data_2016/Train/malignant/ISIC_0010080.jpg,1
data_2016/Train/malignant/ISIC_0011126.jpg,1
data_2016/Train/malignant/ISIC_0011348.jpg,1
data_2016/Train/malignant/ISIC_0010251.jpg,1
data_2016/Train/malignant/ISIC_0000445.jpg,1
data_2016/Train/malignant/ISIC_0010001.jpg,1
data_2016/Train/malignant/ISIC_0001106.jpg,1
data_2016/Train/malignant/ISIC_0000412.jpg,1
data_2016/Train/malignant/ISIC_0009950.jpg,1
data_2016/Train/malignant/ISIC_0000142.jpg,1
data_2016/Train/malignant/ISIC_0000295.jpg,1
data_2016/Train/malignant/ISIC_0000162.jpg,1
data_2016/Train/malignant/ISIC_0000307.jpg,1
data_2016/Train/malignant/ISIC_0010466.jpg,1
data_2016/Train/malignant/ISIC_0010321.jpg,1
data_2016/Train/malignant/ISIC_0000175.jpg,1
data_2016/Train/malignant/ISIC_0000410.jpg,1
data_2016/Train/malignant/ISIC_0001152.jpg,1
data_2016/Train/malignant/ISIC_0010349.jpg,1
data_2016/Train/malignant/ISIC_0000413.jpg,1
data_2016/Train/malignant/ISIC_0010476.jpg,1
data_2016/Train/malignant/ISIC_0000516.jpg,1
data_2016/Train/malignant/ISIC_0000415.jpg,1
data_2016/Train/malignant/ISIC_0000293.jpg,1
data_2016/Train/malignant/ISIC_0011139.jpg,1
data_2016/Train/malignant/ISIC_0000313.jpg,1
data_2016/Train/malignant/ISIC_0000285.jpg,1
data_2016/Train/malignant/ISIC_0011161.jpg,1
data_2016/Train/malignant/ISIC_0009910.jpg,1
data_2016/Train/malignant/ISIC_0000300.jpg,1
data_2016/Train/malignant/ISIC_0011099.jpg,1
data_2016/Train/malignant/ISIC_0011118.jpg,1
data_2016/Train/malignant/ISIC_0000170.jpg,1
data_2016/Train/malignant/ISIC_0010441.jpg,1
data_2016/Train/malignant/ISIC_0009905.jpg,1
data_2016/Train/malignant/ISIC_0010319.jpg,1
data_2016/Train/malignant/ISIC_0000522.jpg,1
data_2016/Train/malignant/ISIC_0000292.jpg,1
data_2016/Train/malignant/ISIC_0011158.jpg,1
data_2016/Train/malignant/ISIC_0001119.jpg,1
data_2016/Train/malignant/ISIC_0000519.jpg,1
data_2016/Train/malignant/ISIC_0000145.jpg,1
data_2016/Train/malignant/ISIC_0011356.jpg,1
data_2016/Train/malignant/ISIC_0001105.jpg,1
data_2016/Train/malignant/ISIC_0010495.jpg,1
data_2016/Train/malignant/ISIC_0000139.jpg,1
data_2016/Train/malignant/ISIC_0000554.jpg,1
data_2016/Train/malignant/ISIC_0000156.jpg,1
data_2016/Train/malignant/ISIC_0000151.jpg,1
data_2016/Train/malignant/ISIC_0010174.jpg,1
data_2016/Train/malignant/ISIC_0000031.jpg,1
data_2016/Train/malignant/ISIC_0010029.jpg,1
data_2016/Train/malignant/ISIC_0000140.jpg,1
data_2016/Train/malignant/ISIC_0000143.jpg,1
data_2016/Train/malignant/ISIC_0000548.jpg,1
data_2016/Train/malignant/ISIC_0000395.jpg,1
data_2016/Train/malignant/ISIC_0010242.jpg,1
data_2016/Train/malignant/ISIC_0000078.jpg,1
data_2016/Train/malignant/ISIC_0001126.jpg,1
data_2016/Train/malignant/ISIC_0011140.jpg,1
data_2016/Train/malignant/ISIC_0000520.jpg,1
data_2016/Train/malignant/ISIC_0010468.jpg,1
data_2016/Train/malignant/ISIC_0010067.jpg,1
data_2016/Train/malignant/ISIC_0000046.jpg,1
data_2016/Train/malignant/ISIC_0000276.jpg,1
data_2016/Train/malignant/ISIC_0000314.jpg,1
data_2016/Train/malignant/ISIC_0011136.jpg,1
data_2016/Train/malignant/ISIC_0010266.jpg,1
data_2016/Train/malignant/ISIC_0000074.jpg,1
data_2016/Train/malignant/ISIC_0010189.jpg,1
data_2016/Train/malignant/ISIC_0000150.jpg,1
data_2016/Train/malignant/ISIC_0011334.jpg,1
data_2016/Train/malignant/ISIC_0010000.jpg,1
data_2016/Train/malignant/ISIC_0000303.jpg,1
data_2016/Train/malignant/ISIC_0010036.jpg,1
data_2016/Train/malignant/ISIC_0000390.jpg,1
data_2016/Train/malignant/ISIC_0001118.jpg,1
data_2016/Train/malignant/ISIC_0011329.jpg,1
data_2016/Train/malignant/ISIC_0000282.jpg,1
data_2016/Train/malignant/ISIC_0010380.jpg,1
data_2016/Train/malignant/ISIC_0009971.jpg,1
data_2016/Train/malignant/ISIC_0011350.jpg,1
data_2016/Train/malignant/ISIC_0000029.jpg,1
data_2016/Train/malignant/ISIC_0001134.jpg,1
data_2016/Train/malignant/ISIC_0000166.jpg,1
data_2016/Train/malignant/ISIC_0000173.jpg,1
data_2016/Train/malignant/ISIC_0010358.jpg,1
data_2016/Train/malignant/ISIC_0000521.jpg,1
data_2016/Train/malignant/ISIC_0010081.jpg,1
data_2016/Train/malignant/ISIC_0010056.jpg,1
data_2016/Train/malignant/ISIC_0010322.jpg,1
data_2016/Train/malignant/ISIC_0010225.jpg,1
data_2016/Train/malignant/ISIC_0010852.jpg,1
data_2016/Train/malignant/ISIC_0010235.jpg,1
data_2016/Train/malignant/ISIC_0011130.jpg,1
data_2016/Train/malignant/ISIC_0001148.jpg,1
data_2016/Train/malignant/ISIC_0011141.jpg,1
data_2016/Train/malignant/ISIC_0000463.jpg,1
data_2016/Train/malignant/ISIC_0000147.jpg,1
data_2016/Train/malignant/ISIC_0011095.jpg,1
data_2016/Train/malignant/ISIC_0000288.jpg,1
data_2016/Train/malignant/ISIC_0001102.jpg,1
data_2016/Train/malignant/ISIC_0010862.jpg,1
data_2016/Train/malignant/ISIC_0011210.jpg,1
data_2016/Train/malignant/ISIC_0000026.jpg,1
data_2016/Train/malignant/ISIC_0000159.jpg,1
data_2016/Train/malignant/ISIC_0010372.jpg,1
data_2016/Train/malignant/ISIC_0009960.jpg,1
data_2016/Train/malignant/ISIC_0011169.jpg,1
data_2016/Train/malignant/ISIC_0000469.jpg,1
data_2016/Train/malignant/ISIC_0000035.jpg,1
data_2016/Train/malignant/ISIC_0000552.jpg,1
data_2016/Train/malignant/ISIC_0010267.jpg,1
data_2016/Train/malignant/ISIC_0010241.jpg,1
data_2016/Train/malignant/ISIC_0000280.jpg,1
data_2016/Train/malignant/ISIC_0000517.jpg,1
data_2016/Train/malignant/ISIC_0011128.jpg,1
data_2016/Train/malignant/ISIC_0000030.jpg,1
data_2016/Train/malignant/ISIC_0000555.jpg,1
data_2016/Train/malignant/ISIC_0000054.jpg,1
data_2016/Train/malignant/ISIC_0000171.jpg,1
data_2016/Train/malignant/ISIC_0000294.jpg,1
data_2016/Train/malignant/ISIC_0000444.jpg,1
data_2016/Train/malignant/ISIC_0011387.jpg,1
data_2016/Train/malignant/ISIC_0011295.jpg,1
data_2016/Train/malignant/ISIC_0000146.jpg,1
data_2016/Train/malignant/ISIC_0000155.jpg,1
data_2016/Train/malignant/ISIC_0000176.jpg,1
data_2016/Train/malignant/ISIC_0010194.jpg,1
data_2016/Train/malignant/ISIC_0010576.jpg,1
data_2016/Train/malignant/ISIC_0011121.jpg,1
data_2016/Train/malignant/ISIC_0000049.jpg,1
data_2016/Train/malignant/ISIC_0010329.jpg,1
data_2016/Train/malignant/ISIC_0010054.jpg,1
data_2016/Train/malignant/ISIC_0000297.jpg,1
data_2016/Train/malignant/ISIC_0000157.jpg,1
data_2016/Train/malignant/ISIC_0000281.jpg,1
data_2016/Train/malignant/ISIC_0011315.jpg,1
data_2016/Train/malignant/ISIC_0000531.jpg,1
data_2016/Train/malignant/ISIC_0010265.jpg,1
data_2016/Train/malignant/ISIC_0000277.jpg,1
data_2016/Train/malignant/ISIC_0000148.jpg,1
data_2016/Train/malignant/ISIC_0010024.jpg,1
data_2016/Train/malignant/ISIC_0011135.jpg,1
data_2016/Train/malignant/ISIC_0000283.jpg,1
data_2016/Train/malignant/ISIC_0001140.jpg,1
data_2016/Train/malignant/ISIC_0001133.jpg,1
data_2016/Train/malignant/ISIC_0000513.jpg,1
data_2016/Train/malignant/ISIC_0010350.jpg,1
data_2016/Train/malignant/ISIC_0000434.jpg,1
data_2016/Train/malignant/ISIC_0011366.jpg,1
data_2016/Train/malignant/ISIC_0000154.jpg,1
data_2016/Train/malignant/ISIC_0011137.jpg,1
data_2016/Train/malignant/ISIC_0000002.jpg,1
data_2016/Train/malignant/ISIC_0009934.jpg,1
data_2016/Train/malignant/ISIC_0000167.jpg,1
data_2016/Train/malignant/ISIC_0009897.jpg,1
data_2016/Train/malignant/ISIC_0011166.jpg,1
data_2016/Train/malignant/ISIC_0000301.jpg,1
data_2016/Train/malignant/ISIC_0000153.jpg,1
data_2016/Train/malignant/ISIC_0000551.jpg,1
data_2016/Train/malignant/ISIC_0000290.jpg,1
data_2016/Train/malignant/ISIC_0000163.jpg,1
data_2016/Train/malignant/ISIC_0010860.jpg,1
data_2016/Train/malignant/ISIC_0009868.jpg,1
data_2016/Train/malignant/ISIC_0010364.jpg,1
data_2016/Train/malignant/ISIC_0000278.jpg,1
data_2016/Train/malignant/ISIC_0010240.jpg,1
data_2016/Train/malignant/ISIC_0000152.jpg,1
data_2016/Train/malignant/ISIC_0011125.jpg,1
data_2016/Train/malignant/ISIC_0011390.jpg,1
data_2016/Train/malignant/ISIC_0011163.jpg,1
data_2016/Train/malignant/ISIC_0000004.jpg,1
data_2016/Train/malignant/ISIC_0010080.jpg,1
data_2016/Train/malignant/ISIC_0011126.jpg,1
data_2016/Train/malignant/ISIC_0011348.jpg,1
data_2016/Train/malignant/ISIC_0010251.jpg,1
data_2016/Train/malignant/ISIC_0000445.jpg,1
data_2016/Train/malignant/ISIC_0010001.jpg,1
data_2016/Train/malignant/ISIC_0001106.jpg,1
data_2016/Train/malignant/ISIC_0000412.jpg,1
data_2016/Train/malignant/ISIC_0009950.jpg,1
data_2016/Train/malignant/ISIC_0000142.jpg,1
data_2016/Train/malignant/ISIC_0000295.jpg,1
data_2016/Train/malignant/ISIC_0000162.jpg,1
data_2016/Train/malignant/ISIC_0000307.jpg,1
data_2016/Train/malignant/ISIC_0010466.jpg,1
data_2016/Train/malignant/ISIC_0010321.jpg,1
data_2016/Train/malignant/ISIC_0000175.jpg,1
data_2016/Train/malignant/ISIC_0000410.jpg,1
data_2016/Train/malignant/ISIC_0001152.jpg,1
data_2016/Train/malignant/ISIC_0010349.jpg,1
data_2016/Train/malignant/ISIC_0000413.jpg,1
data_2016/Train/malignant/ISIC_0010476.jpg,1
data_2016/Train/malignant/ISIC_0000516.jpg,1
data_2016/Train/malignant/ISIC_0000415.jpg,1
data_2016/Train/malignant/ISIC_0000293.jpg,1
data_2016/Train/malignant/ISIC_0011139.jpg,1
data_2016/Train/malignant/ISIC_0000313.jpg,1
data_2016/Train/malignant/ISIC_0000285.jpg,1
data_2016/Train/malignant/ISIC_0011161.jpg,1
data_2016/Train/malignant/ISIC_0009910.jpg,1
data_2016/Train/malignant/ISIC_0000300.jpg,1
data_2016/Train/malignant/ISIC_0011099.jpg,1
data_2016/Train/malignant/ISIC_0011118.jpg,1
data_2016/Train/malignant/ISIC_0000170.jpg,1
data_2016/Train/malignant/ISIC_0010441.jpg,1
data_2016/Train/malignant/ISIC_0009905.jpg,1
data_2016/Train/malignant/ISIC_0010319.jpg,1
data_2016/Train/malignant/ISIC_0000522.jpg,1
data_2016/Train/malignant/ISIC_0000292.jpg,1
data_2016/Train/malignant/ISIC_0011158.jpg,1
data_2016/Train/malignant/ISIC_0001119.jpg,1
data_2016/Train/malignant/ISIC_0000519.jpg,1
data_2016/Train/malignant/ISIC_0000145.jpg,1
data_2016/Train/malignant/ISIC_0011356.jpg,1
data_2016/Train/malignant/ISIC_0001105.jpg,1
data_2016/Train/malignant/ISIC_0010495.jpg,1
data_2016/Train/malignant/ISIC_0000139.jpg,1
data_2016/Train/malignant/ISIC_0000554.jpg,1
data_2016/Train/malignant/ISIC_0000156.jpg,1
data_2016/Train/malignant/ISIC_0000151.jpg,1
data_2016/Train/malignant/ISIC_0010174.jpg,1
data_2016/Train/malignant/ISIC_0000031.jpg,1
data_2016/Train/malignant/ISIC_0010029.jpg,1
data_2016/Train/malignant/ISIC_0000140.jpg,1
data_2016/Train/malignant/ISIC_0000143.jpg,1
data_2016/Train/malignant/ISIC_0000548.jpg,1
data_2016/Train/malignant/ISIC_0000395.jpg,1
data_2016/Train/malignant/ISIC_0010242.jpg,1
data_2016/Train/malignant/ISIC_0000078.jpg,1
data_2016/Train/malignant/ISIC_0001126.jpg,1
data_2016/Train/malignant/ISIC_0011140.jpg,1
data_2016/Train/malignant/ISIC_0000520.jpg,1
data_2016/Train/malignant/ISIC_0010468.jpg,1
data_2016/Train/malignant/ISIC_0010067.jpg,1
data_2016/Train/malignant/ISIC_0000046.jpg,1
data_2016/Train/malignant/ISIC_0000276.jpg,1
data_2016/Train/malignant/ISIC_0000314.jpg,1
data_2016/Train/malignant/ISIC_0011136.jpg,1
data_2016/Train/malignant/ISIC_0010266.jpg,1
data_2016/Train/malignant/ISIC_0000074.jpg,1
data_2016/Train/malignant/ISIC_0010189.jpg,1
data_2016/Train/malignant/ISIC_0000150.jpg,1
data_2016/Train/malignant/ISIC_0011334.jpg,1
data_2016/Train/malignant/ISIC_0010000.jpg,1
data_2016/Train/malignant/ISIC_0000303.jpg,1
data_2016/Train/malignant/ISIC_0010036.jpg,1
data_2016/Train/malignant/ISIC_0000390.jpg,1
data_2016/Train/malignant/ISIC_0001118.jpg,1
data_2016/Train/malignant/ISIC_0011329.jpg,1
data_2016/Train/malignant/ISIC_0000282.jpg,1
data_2016/Train/malignant/ISIC_0010380.jpg,1
data_2016/Train/malignant/ISIC_0009971.jpg,1
data_2016/Train/malignant/ISIC_0011350.jpg,1
data_2016/Train/malignant/ISIC_0000029.jpg,1
data_2016/Train/malignant/ISIC_0001134.jpg,1
data_2016/Train/malignant/ISIC_0000166.jpg,1
data_2016/Train/malignant/ISIC_0000173.jpg,1
data_2016/Train/malignant/ISIC_0010358.jpg,1
data_2016/Train/malignant/ISIC_0000521.jpg,1
data_2016/Train/malignant/ISIC_0010081.jpg,1
data_2016/Train/malignant/ISIC_0010056.jpg,1
data_2016/Train/malignant/ISIC_0010322.jpg,1
data_2016/Train/malignant/ISIC_0010225.jpg,1
data_2016/Train/malignant/ISIC_0010852.jpg,1
data_2016/Train/malignant/ISIC_0010235.jpg,1
data_2016/Train/malignant/ISIC_0011130.jpg,1
data_2016/Train/malignant/ISIC_0001148.jpg,1
data_2016/Train/malignant/ISIC_0011141.jpg,1
data_2016/Train/malignant/ISIC_0000463.jpg,1
data_2016/Train/malignant/ISIC_0000147.jpg,1
data_2016/Train/malignant/ISIC_0011095.jpg,1
data_2016/Train/malignant/ISIC_0000288.jpg,1
data_2016/Train/malignant/ISIC_0001102.jpg,1
data_2016/Train/malignant/ISIC_0010862.jpg,1
data_2016/Train/malignant/ISIC_0011210.jpg,1
data_2016/Train/malignant/ISIC_0000026.jpg,1
data_2016/Train/malignant/ISIC_0000159.jpg,1
data_2016/Train/malignant/ISIC_0010372.jpg,1
data_2016/Train/malignant/ISIC_0009960.jpg,1
data_2016/Train/malignant/ISIC_0011169.jpg,1
data_2016/Train/malignant/ISIC_0000469.jpg,1
data_2016/Train/malignant/ISIC_0000035.jpg,1
data_2016/Train/malignant/ISIC_0000552.jpg,1
data_2016/Train/malignant/ISIC_0010267.jpg,1
data_2016/Train/malignant/ISIC_0010241.jpg,1
data_2016/Train/malignant/ISIC_0000280.jpg,1
data_2016/Train/malignant/ISIC_0000517.jpg,1
data_2016/Train/malignant/ISIC_0011128.jpg,1
data_2016/Train/malignant/ISIC_0000030.jpg,1
data_2016/Train/malignant/ISIC_0000555.jpg,1
data_2016/Train/malignant/ISIC_0000054.jpg,1
data_2016/Train/malignant/ISIC_0000171.jpg,1
data_2016/Train/malignant/ISIC_0000294.jpg,1
data_2016/Train/malignant/ISIC_0000444.jpg,1
data_2016/Train/malignant/ISIC_0011387.jpg,1
data_2016/Train/malignant/ISIC_0011295.jpg,1
data_2016/Train/malignant/ISIC_0000146.jpg,1
data_2016/Train/malignant/ISIC_0000155.jpg,1
data_2016/Train/malignant/ISIC_0000176.jpg,1
data_2016/Train/malignant/ISIC_0010194.jpg,1
data_2016/Train/malignant/ISIC_0010576.jpg,1
data_2016/Train/malignant/ISIC_0011121.jpg,1
data_2016/Train/malignant/ISIC_0000049.jpg,1
data_2016/Train/malignant/ISIC_0010329.jpg,1
data_2016/Train/malignant/ISIC_0010054.jpg,1
data_2016/Train/malignant/ISIC_0000297.jpg,1
data_2016/Train/malignant/ISIC_0000157.jpg,1
data_2016/Train/malignant/ISIC_0000281.jpg,1
data_2016/Train/malignant/ISIC_0011315.jpg,1
data_2016/Train/malignant/ISIC_0000531.jpg,1
data_2016/Train/malignant/ISIC_0010265.jpg,1
data_2016/Train/malignant/ISIC_0000277.jpg,1
data_2016/Train/malignant/ISIC_0000148.jpg,1
data_2016/Train/malignant/ISIC_0010024.jpg,1
data_2016/Train/malignant/ISIC_0011135.jpg,1
data_2016/Train/malignant/ISIC_0000283.jpg,1
data_2016/Train/malignant/ISIC_0001140.jpg,1
data_2016/Train/malignant/ISIC_0001133.jpg,1
data_2016/Train/malignant/ISIC_0000513.jpg,1
data_2016/Train/malignant/ISIC_0010350.jpg,1
data_2016/Train/malignant/ISIC_0000434.jpg,1
data_2016/Train/malignant/ISIC_0011366.jpg,1
data_2016/Train/malignant/ISIC_0000154.jpg,1
data_2016/Train/malignant/ISIC_0011137.jpg,1
data_2016/Train/malignant/ISIC_0000002.jpg,1
data_2016/Train/malignant/ISIC_0009934.jpg,1
data_2016/Train/malignant/ISIC_0000167.jpg,1
data_2016/Train/malignant/ISIC_0009897.jpg,1
data_2016/Train/malignant/ISIC_0011166.jpg,1
data_2016/Train/malignant/ISIC_0000301.jpg,1
data_2016/Train/malignant/ISIC_0000153.jpg,1
data_2016/Train/malignant/ISIC_0000551.jpg,1
data_2016/Train/malignant/ISIC_0000290.jpg,1
data_2016/Train/malignant/ISIC_0000163.jpg,1
data_2016/Train/malignant/ISIC_0010860.jpg,1
data_2016/Train/malignant/ISIC_0009868.jpg,1
data_2016/Train/malignant/ISIC_0010364.jpg,1
data_2016/Train/malignant/ISIC_0000278.jpg,1
data_2016/Train/malignant/ISIC_0010240.jpg,1
data_2016/Train/malignant/ISIC_0000152.jpg,1
data_2016/Train/malignant/ISIC_0011125.jpg,1
data_2016/Train/malignant/ISIC_0011390.jpg,1
data_2016/Train/malignant/ISIC_0011163.jpg,1
data_2016/Train/malignant/ISIC_0000004.jpg,1
data_2016/Train/malignant/ISIC_0010080.jpg,1
data_2016/Train/malignant/ISIC_0011126.jpg,1
data_2016/Train/malignant/ISIC_0011348.jpg,1
data_2016/Train/malignant/ISIC_0010251.jpg,1
data_2016/Train/malignant/ISIC_0000445.jpg,1
data_2016/Train/malignant/ISIC_0010001.jpg,1
data_2016/Train/malignant/ISIC_0001106.jpg,1
data_2016/Train/malignant/ISIC_0000412.jpg,1
data_2016/Train/malignant/ISIC_0009950.jpg,1
data_2016/Train/malignant/ISIC_0000142.jpg,1
data_2016/Train/malignant/ISIC_0000295.jpg,1
data_2016/Train/malignant/ISIC_0000162.jpg,1
data_2016/Train/malignant/ISIC_0000307.jpg,1
data_2016/Train/malignant/ISIC_0010466.jpg,1
data_2016/Train/malignant/ISIC_0010321.jpg,1
data_2016/Train/malignant/ISIC_0000175.jpg,1
data_2016/Train/malignant/ISIC_0000410.jpg,1
data_2016/Train/malignant/ISIC_0001152.jpg,1
data_2016/Train/malignant/ISIC_0010349.jpg,1
data_2016/Train/malignant/ISIC_0000413.jpg,1
data_2016/Train/malignant/ISIC_0010476.jpg,1
data_2016/Train/malignant/ISIC_0000516.jpg,1
data_2016/Train/malignant/ISIC_0000415.jpg,1
data_2016/Train/malignant/ISIC_0000293.jpg,1
data_2016/Train/malignant/ISIC_0011139.jpg,1
data_2016/Train/malignant/ISIC_0000313.jpg,1
data_2016/Train/malignant/ISIC_0000285.jpg,1
data_2016/Train/malignant/ISIC_0011161.jpg,1
data_2016/Train/malignant/ISIC_0009910.jpg,1
data_2016/Train/malignant/ISIC_0000300.jpg,1
data_2016/Train/malignant/ISIC_0011099.jpg,1
data_2016/Train/malignant/ISIC_0011118.jpg,1
data_2016/Train/malignant/ISIC_0000170.jpg,1
data_2016/Train/malignant/ISIC_0010441.jpg,1
data_2016/Train/malignant/ISIC_0009905.jpg,1
data_2016/Train/malignant/ISIC_0010319.jpg,1
data_2016/Train/malignant/ISIC_0000522.jpg,1
data_2016/Train/malignant/ISIC_0000292.jpg,1
data_2016/Train/malignant/ISIC_0011158.jpg,1
data_2016/Train/malignant/ISIC_0001119.jpg,1
data_2016/Train/malignant/ISIC_0000519.jpg,1
data_2016/Train/malignant/ISIC_0000145.jpg,1
data_2016/Train/malignant/ISIC_0011356.jpg,1
data_2016/Train/malignant/ISIC_0001105.jpg,1
data_2016/Train/malignant/ISIC_0010495.jpg,1
data_2016/Train/malignant/ISIC_0000139.jpg,1
data_2016/Train/malignant/ISIC_0000554.jpg,1
data_2016/Train/malignant/ISIC_0000156.jpg,1
data_2016/Train/malignant/ISIC_0000151.jpg,1
data_2016/Train/malignant/ISIC_0010174.jpg,1
data_2016/Train/malignant/ISIC_0000031.jpg,1
data_2016/Train/malignant/ISIC_0010029.jpg,1
data_2016/Train/malignant/ISIC_0000140.jpg,1
data_2016/Train/malignant/ISIC_0000143.jpg,1
data_2016/Train/malignant/ISIC_0000548.jpg,1
data_2016/Train/malignant/ISIC_0000395.jpg,1
data_2016/Train/malignant/ISIC_0010242.jpg,1
data_2016/Train/malignant/ISIC_0000078.jpg,1
data_2016/Train/malignant/ISIC_0001126.jpg,1
data_2016/Train/malignant/ISIC_0011140.jpg,1
data_2016/Train/malignant/ISIC_0000520.jpg,1
data_2016/Train/malignant/ISIC_0010468.jpg,1
data_2016/Train/malignant/ISIC_0010067.jpg,1
data_2016/Train/malignant/ISIC_0000046.jpg,1
data_2016/Train/malignant/ISIC_0000276.jpg,1
data_2016/Train/malignant/ISIC_0000314.jpg,1
data_2016/Train/malignant/ISIC_0011136.jpg,1
data_2016/Train/malignant/ISIC_0010266.jpg,1
data_2016/Train/malignant/ISIC_0000074.jpg,1
data_2016/Train/malignant/ISIC_0010189.jpg,1
data_2016/Train/malignant/ISIC_0000150.jpg,1
data_2016/Train/malignant/ISIC_0011334.jpg,1
data_2016/Train/malignant/ISIC_0010000.jpg,1
data_2016/Train/malignant/ISIC_0000303.jpg,1
data_2016/Train/malignant/ISIC_0010036.jpg,1
data_2016/Train/malignant/ISIC_0000390.jpg,1
data_2016/Train/malignant/ISIC_0001118.jpg,1
data_2016/Train/malignant/ISIC_0011329.jpg,1
data_2016/Train/malignant/ISIC_0000282.jpg,1
data_2016/Train/malignant/ISIC_0010380.jpg,1
data_2016/Train/malignant/ISIC_0009971.jpg,1
data_2016/Train/malignant/ISIC_0011350.jpg,1
data_2016/Train/malignant/ISIC_0000029.jpg,1
data_2016/Train/malignant/ISIC_0001134.jpg,1
data_2016/Train/malignant/ISIC_0000166.jpg,1
data_2016/Train/malignant/ISIC_0000173.jpg,1
data_2016/Train/malignant/ISIC_0010358.jpg,1
data_2016/Train/malignant/ISIC_0000521.jpg,1
data_2016/Train/malignant/ISIC_0010081.jpg,1
data_2016/Train/malignant/ISIC_0010056.jpg,1
data_2016/Train/malignant/ISIC_0010322.jpg,1
data_2016/Train/malignant/ISIC_0010225.jpg,1
data_2016/Train/malignant/ISIC_0010852.jpg,1
data_2016/Train/malignant/ISIC_0010235.jpg,1
data_2016/Train/malignant/ISIC_0011130.jpg,1
data_2016/Train/malignant/ISIC_0001148.jpg,1
data_2016/Train/malignant/ISIC_0011141.jpg,1
data_2016/Train/malignant/ISIC_0000463.jpg,1
data_2016/Train/malignant/ISIC_0000147.jpg,1
data_2016/Train/malignant/ISIC_0011095.jpg,1
data_2016/Train/malignant/ISIC_0000288.jpg,1
data_2016/Train/malignant/ISIC_0001102.jpg,1
data_2016/Train/malignant/ISIC_0010862.jpg,1
data_2016/Train/malignant/ISIC_0011210.jpg,1
data_2016/Train/malignant/ISIC_0000026.jpg,1
data_2016/Train/malignant/ISIC_0000159.jpg,1
data_2016/Train/malignant/ISIC_0010372.jpg,1
data_2016/Train/malignant/ISIC_0009960.jpg,1
data_2016/Train/malignant/ISIC_0011169.jpg,1
data_2016/Train/malignant/ISIC_0000469.jpg,1
data_2016/Train/malignant/ISIC_0000035.jpg,1
data_2016/Train/malignant/ISIC_0000552.jpg,1
data_2016/Train/malignant/ISIC_0010267.jpg,1
data_2016/Train/malignant/ISIC_0010241.jpg,1
data_2016/Train/malignant/ISIC_0000280.jpg,1
data_2016/Train/malignant/ISIC_0000517.jpg,1
data_2016/Train/malignant/ISIC_0011128.jpg,1
data_2016/Train/malignant/ISIC_0000030.jpg,1
data_2016/Train/malignant/ISIC_0000555.jpg,1
data_2016/Train/malignant/ISIC_0000054.jpg,1
data_2016/Train/malignant/ISIC_0000171.jpg,1
data_2016/Train/malignant/ISIC_0000294.jpg,1
data_2016/Train/malignant/ISIC_0000444.jpg,1
data_2016/Train/malignant/ISIC_0011387.jpg,1
data_2016/Train/malignant/ISIC_0011295.jpg,1
data_2016/Train/malignant/ISIC_0000146.jpg,1
data_2016/Train/malignant/ISIC_0000155.jpg,1
data_2016/Train/malignant/ISIC_0000176.jpg,1
data_2016/Train/malignant/ISIC_0010194.jpg,1
data_2016/Train/malignant/ISIC_0010576.jpg,1
data_2016/Train/malignant/ISIC_0011121.jpg,1
data_2016/Train/malignant/ISIC_0000049.jpg,1
data_2016/Train/malignant/ISIC_0010329.jpg,1
data_2016/Train/malignant/ISIC_0010054.jpg,1
data_2016/Train/malignant/ISIC_0000297.jpg,1
data_2016/Train/malignant/ISIC_0000157.jpg,1
data_2016/Train/malignant/ISIC_0000281.jpg,1
data_2016/Train/malignant/ISIC_0011315.jpg,1
data_2016/Train/malignant/ISIC_0000531.jpg,1
data_2016/Train/malignant/ISIC_0010265.jpg,1
data_2016/Train/malignant/ISIC_0000277.jpg,1
data_2016/Train/malignant/ISIC_0000148.jpg,1
data_2016/Train/malignant/ISIC_0010024.jpg,1
data_2016/Train/malignant/ISIC_0011135.jpg,1
data_2016/Train/malignant/ISIC_0000283.jpg,1
data_2016/Train/malignant/ISIC_0001140.jpg,1
data_2016/Train/malignant/ISIC_0001133.jpg,1
data_2016/Train/malignant/ISIC_0000513.jpg,1
data_2016/Train/malignant/ISIC_0010350.jpg,1
data_2016/Train/malignant/ISIC_0000434.jpg,1
data_2016/Train/malignant/ISIC_0011366.jpg,1
data_2016/Train/malignant/ISIC_0000154.jpg,1
data_2016/Train/malignant/ISIC_0011137.jpg,1
data_2016/Train/malignant/ISIC_0000002.jpg,1
data_2016/Train/malignant/ISIC_0009934.jpg,1
data_2016/Train/malignant/ISIC_0000167.jpg,1
data_2016/Train/malignant/ISIC_0009897.jpg,1
data_2016/Train/malignant/ISIC_0011166.jpg,1
data_2016/Train/malignant/ISIC_0000301.jpg,1
data_2016/Train/malignant/ISIC_0000153.jpg,1
data_2016/Train/malignant/ISIC_0000551.jpg,1
data_2016/Train/malignant/ISIC_0000290.jpg,1
data_2016/Train/malignant/ISIC_0000163.jpg,1
data_2016/Train/malignant/ISIC_0010860.jpg,1
data_2016/Train/malignant/ISIC_0009868.jpg,1
data_2016/Train/malignant/ISIC_0010364.jpg,1
data_2016/Train/malignant/ISIC_0000278.jpg,1
data_2016/Train/malignant/ISIC_0010240.jpg,1
data_2016/Train/malignant/ISIC_0000152.jpg,1
data_2016/Train/malignant/ISIC_0011125.jpg,1
data_2016/Train/malignant/ISIC_0011390.jpg,1
data_2016/Train/malignant/ISIC_0011163.jpg,1
data_2016/Train/malignant/ISIC_0000004.jpg,1
data_2016/Train/malignant/ISIC_0010080.jpg,1
data_2016/Train/malignant/ISIC_0011126.jpg,1
data_2016/Train/malignant/ISIC_0011348.jpg,1
data_2016/Train/malignant/ISIC_0010251.jpg,1
data_2016/Train/malignant/ISIC_0000445.jpg,1
data_2016/Train/malignant/ISIC_0010001.jpg,1
data_2016/Train/malignant/ISIC_0001106.jpg,1
data_2016/Train/malignant/ISIC_0000412.jpg,1
data_2016/Train/malignant/ISIC_0009950.jpg,1
data_2016/Train/malignant/ISIC_0000142.jpg,1
data_2016/Train/malignant/ISIC_0000295.jpg,1
data_2016/Train/malignant/ISIC_0000162.jpg,1
data_2016/Train/malignant/ISIC_0000307.jpg,1
data_2016/Train/malignant/ISIC_0010466.jpg,1
data_2016/Train/malignant/ISIC_0010321.jpg,1
data_2016/Train/malignant/ISIC_0000175.jpg,1
data_2016/Train/malignant/ISIC_0000410.jpg,1
data_2016/Train/malignant/ISIC_0001152.jpg,1
data_2016/Train/malignant/ISIC_0010349.jpg,1
data_2016/Train/malignant/ISIC_0000413.jpg,1
data_2016/Train/malignant/ISIC_0010476.jpg,1
data_2016/Train/malignant/ISIC_0000516.jpg,1
data_2016/Train/malignant/ISIC_0000415.jpg,1
data_2016/Train/malignant/ISIC_0000293.jpg,1
data_2016/Train/malignant/ISIC_0011139.jpg,1
data_2016/Train/malignant/ISIC_0000313.jpg,1
data_2016/Train/malignant/ISIC_0000285.jpg,1
data_2016/Train/malignant/ISIC_0011161.jpg,1
data_2016/Train/malignant/ISIC_0009910.jpg,1
data_2016/Train/malignant/ISIC_0000300.jpg,1
data_2016/Train/malignant/ISIC_0011099.jpg,1
data_2016/Train/malignant/ISIC_0011118.jpg,1
data_2016/Train/malignant/ISIC_0000170.jpg,1
data_2016/Train/malignant/ISIC_0010441.jpg,1
data_2016/Train/malignant/ISIC_0009905.jpg,1
data_2016/Train/malignant/ISIC_0010319.jpg,1
data_2016/Train/malignant/ISIC_0000522.jpg,1
data_2016/Train/malignant/ISIC_0000292.jpg,1
data_2016/Train/malignant/ISIC_0011158.jpg,1
data_2016/Train/malignant/ISIC_0001119.jpg,1
data_2016/Train/malignant/ISIC_0000519.jpg,1
data_2016/Train/malignant/ISIC_0000145.jpg,1
data_2016/Train/malignant/ISIC_0011356.jpg,1
data_2016/Train/malignant/ISIC_0001105.jpg,1
